C_ID,C_Name
1,Activism
2,AI
3,Animals
4,Architecture
5,Art
6,Astronomy
7,Biology
8,Business
9,Child Development
10,Climate Change
11,Creativity
12,Crime
13,Culture
14,Data
15,Education
16,Entertainment
17,Environment
18,Fashion
19,Gaming
20,Gender Spectrum
21,Global Issues
22,Health Care
23,Humour
24,Innovation
25,Internet
26,Mathematics
27,Medical Research
28,Mental Health
29,Motivation
30,Music
31,Personal Growth
32,Philosophy
33,Physics
34,Politics
35,Product Design
36,Psychology
37,Religion
38,Security
39,Social Change
40,Society
41,Space Technology
42,Sports
43,Storytelling
44,Technology
45,Transportation
46,Women
47,Youth
