O_Id,speaker_occupation
1,Leadership expert
2,Vulnerability researcher
3,Model
4,Psychiatrist
5,Psychologist
6,Beatboxer
7,Writer
8,Comedian
9,Developer
10,Professor
11,Behavioral economist
12,Author
13,Software Industry
14,Cognitive researcher
15,Complexity theorist
16,Architect
17,NA
18,Philosopher
19,Filmmaker
20,Composer
21,Primatologist
22,Social science researcher
23,Law
24,Longevity coach
25,Educator
26,Roboticist
27,Director
28,Sustainable development expert
29,Designer
30,Happiness researcher
31,Photography
32,Equality advocate
33,Inventor
34,Complex systems theorist
35,Language
36,Journalist
37,Advertising guru
38,Actor
39,Financial literacy advocate
40,Data science
41,Aspiring organic farmer
42,Slow television advocate
43,Artist
44,Space
45,Pricing consultant
46,Learning expert
47,Computers
48,Research scientist
49,Roboticist
50,Whistler
51,Futurist
52,Mechanical engineer
53,Mediator
54,General
55,Activist
56,Management researcher
57,Music
58,Theoretical physicist
59,Language
60,Pro snowboarder
61,Programmer
62,Sex researcher
63,Entrepreneur
64,Diversity advocate
65,Biologist
66,Toy designer
67,physicist
68,CEO
69,Management thinker
70,Sociologist
71,Bio researcher
72,Academic
73,Imaging scientist
74,Science enthusiast
75,Ocean scientist
76,Former U.S. Secretary of State
77,Security researcher
78,Blogger and fashion icon
79,Biomedical animator
80,Design thinker
81,Women's health pioneer
82,Food security expert
83,Social geographer
84,Prison reform advocate
85,Poet
86,Pilot
87,Urban planner
88,Statistician
89,Neurobiologist
90,Science writer
91,Novelist
92,Neurosurgeon
93,Endocrinologist
94,Drug policy expert
95,Conservation technologist
96,Communications researcher
97,Consultant
98,Economist
99,Researcher
100,Ethicist
101,Sleep researcher
102,Bioengineer
103,Transportation specialist
104,Zoologist
105,Philanthropist
106,Neuroscientist and psychiatrist
107,Digital humanities researcher
108,Ocean advocate
109,Humanitarian
110,Curator
111,Peace builder
112,Know-it-all
113,Painter
114,Epigeneticist
115,Trust researcher
116,Teacher
117,Builder
118,Technology ethnographer
119,Cross-cultural consultant
120,Storyteller
121,Special Olympics International Sargent Shriver Global Messenger
122,Historian
123,Dinosaur digger
124,Policy expert
125,Public health expert
126,Chemical oceanographer
127,Neuroscientist
128,Dermatologist
129,Media maven
130,Geoscientist
131,Bioethicist
132,Media studies scholar
133,Civil and environmental engineer
134,Entomologist
135,Mother ALS Advocate
136,Diplomat
137,Scientist
138,Experimental micromechanics pioneer
139,Chief of the Community Partnership Division
140,Astrophysicist
141,Oceanographer
142,Animal scientist
143,Management theorist
144,Instructional designer
145,Curator rare book scholar
146,Evolutionary geneticist
147,Reporter
148,Science fair winner
149,Policy advisor
150,Cancer researcher
151,Doctor
152,Environmental engineer
153,Producer
154,Biological engineer
155,Epidemiologist
156,World champion freediver
157,Product designer
158,Politics
159,Neuroeconomist
160,Biospherian
161,Skater
162,Prison administrator and reformer
163,Disaster relief expert
164,Organist
165,Physiotherapist
166,Electronic systems expert
167,Physician
168,Textual scientist
169,Marketing whiz
170,Mayor of Albuquerque
171,Security expert
172,Founder Transparency International
173,Engineer
174,Beekeeper
175,Policy researcher
176,Mapmaker
177,Editor
178,Computational social scientist
179,Medical researcher
180,Planetary and atmospheric scientist
181,Data scientist
182,Artificial life researcher
183,Natural resources expert
184,Muslim studies scholar
185,Autism researcher
186,Marketing leader
187,Lighting designer
188,Paleontologist
189,Digital visionary
190,Digital archaeologist
191,e-Patient
192,Arts administrator
193,Surgeon and technologist
194,Chemist
195,Arab sexuality expert
196,Game designer
197,Clinical researcher
198,Scientific visualization expert
199,Literary scholar
200,Autism advocate
201,Public intellectual
202,Senior Editor for Time Magazine
203,Information security specialist
204,Soprano
205,Penguin expert
206,Nuclear technologist
207,Education innovator
208,Mathematician
209,Aid worker
210,Foreign Minister of Norway
211,Medical technologist
212,Healthcare innovator
213,Tech investor
214,Organizer
215,Graphic designer
216,Malariologist
217,Marine toxicologist
218,Founder and Executive Director
219,Digital money and identity consultant
220,Industrial Designer
221,Civic thought leader
