O_Id,speaker_occupation
1,Leadership Expert
2,Vulnerability Researcher
3,Model
4,Psychiatrist
5,Psychologist
6,Beatboxer
7,writer
8,comedian
9,Developer
10,Professor
11,Behavioral Economist
12,Author
13,Software Industry
14,Congnititve Reseacher
15,Complexity theorist
16,Architect
17,NA
18,Philosopher
19,Filmmaker
20,Composer
21,Primatologist
22,SocialScienceReseacher
23,Law
24,longevity coach
25,Educator
26,Roboticist
27,Director
28,Sustainable development expert
29,Designer
30,Happiness reseacher
31,Photography
32,Equality advocate
33,Inventor
34,Complex Systems Theorist
35,language
36,Journalist
37,Advertising Guru
38,Actor
39,Financial literacy Adocate
40,Data Science
41,Aspiring Organic farmer
42,show television advocate
43,Artist
44,Space
45,PricingConsultant
46,Learning Expert
47,Computers
48,Research scientist
49,Roboticist
50,Whistler
51,Futurist
52,Mechanical Engineer
53,Mediator
54,General
55,Activist
56,Management Reseacher
57,Music
58,Theoretical Physicist
59,Language
60,Pro snowboarder
61,Programmer
62,Sex Researcher
63,Enterpreneur
64,Diversity Advocate
65,Biologist
66,Toy designer
67,Physicist
68,CEO
69,ManagementThinker
70,Sociologist
71,Bio Reseacher
72,Academic
73,Imaging Scientist
74,Science Enthusiast
75,Ocean Scientist
76,Former US Secretary of State
77,Security reseacher
78,Blogger and fashion icon
79,Biomedical Animator
80,Design Thinker
81,Womens health pioneer
82,Food security expert
83,Social Geographer
84,Prison Reform Advocate
85,Poet
86,Pilot
87,Urban planner
88,Statistician
89,Neurobiologist
90,ScienceWriter
91,Novelist
92,Neurosurgeon
93,Endocrionologist
94,Drug Policy Expert
95,Conservation technologist
96,communications reseacher
97,Consultant
98,Economist
99,Reseacher
100,Ethicist
101,SleepReseacher
102,Bioengineer
103,Transportation Specialist
104,Zoologist
105,Philanthropist
106,Neuroscientist and psychiatrist
107,Digital humanitites reseacher
108,Ocean Advocate
109,Humanitarian
110,Curator
111,Peace builder
112,Knowitall
113,Painter
114,Epigeneticist
115,Trust Reseacher
116,Teacher
117,Builder
118,Technology Ethongrapher
119,Cross cultural consultant
120,Storyteller
121,Special olympics
122,historian
123,Dinosaur Digger
124,Policy Expert
125,Public health expert
126,Chemical Oceanographer
127,Neuroscientist
128,Dermatologist
129,Media Maven
130,GeoScientist
131,Bioethicist
132,Media Studies Scholar
133,Civil and Environmental Engineer
134,Entomologist
135,ALS Advocate
136,Diplomat
137,Scientist
138,Experimental Micromechanics pioneer
139,Chief of the community partnership division
140,Astrophysicist
141,Oceanographer
142,Animal Scientist
143,Management Theorist
144,Instructional Designer
145,Curator rare book scholar
146,Evolutionary genecist
147,Reporter
148,Science Fair Winner
149,Policy Advisor
150,Cancer Research
151,Doctor
152,Environmental Engineer
153,Producer
154,Biological Engineer
155,Epidemiologist
156,World Champion Freediver
157,Product Designer
158,Politics
159,Neuroeconomist
160,Biospherian
161,Skater
162,Prison administrator and reformer
163,Disaster relief expert
164,Organist
165,Physiotherapit
166,Electronic systems expert
167,Physician
168,Textual Scientist
169,marketing whiz
170,Mayor
171,Security Expert
172,Founder Transperancy international
173,Engineer
174,Beekeeper
175,Policy reseacher
176,Mapmaker
177,Editor
178,Computational Social Scientist
179,Medical Reseacher
180,Planetary and atmospheric scientist
181,Data Scientist
182,Artificial life reseacher
183,Natural resources expert
184,Muslim studiese scholar
185,Autism reseacher
186,Marketing leader
187,Lignting Designer
188,Paleontologist
189,Digital Visionary
190,Digital Archaelogist
191,Epatient
192,Arts Administrator
193,Surgeon and technologist
194,chemist
195,Arab Sexuality Expert
196,Game Designer
197,Clinical Reseacher
198,Scientific Visualization Expert
199,Literary Scholar
200,Autism Advocate
201,Public Intellectual
202,Senior Editor
203,Information Secrity Specialist
204,Soprano
205,Penguin Expert
206,Nuclear Technologist
207,Education innovator
208,Mathematician
209,Aid Worker
210,Foreign Ministry of Norway
211,Medical Technologist
212,Healthcare Innovator
213,Tech Investor
214,Organizer
215,Graphic Designer
216,Malariologist
217,Marine toxicologist
218,Founder and Executive director
219,Digital Money and identity consultant
220,Industrial Designer
221,Civic thought leader
